"id","construct","input_json"
"c0-leading-01","c0-control-leading","""\u0001http://example.com/p?q=1#f"""
"c0-leading-02","c0-control-leading","""\u0002http://example.com/p?q=1#f"""
"c0-leading-03","c0-control-leading","""\u0003http://example.com/p?q=1#f"""
"c0-leading-04","c0-control-leading","""\u0004http://example.com/p?q=1#f"""
"c0-leading-05","c0-control-leading","""\u0005http://example.com/p?q=1#f"""
"c0-leading-06","c0-control-leading","""\u0006http://example.com/p?q=1#f"""
"c0-leading-07","c0-control-leading","""\u0007http://example.com/p?q=1#f"""
"c0-leading-08","c0-control-leading","""\bhttp://example.com/p?q=1#f"""
"c0-leading-09","c0-control-leading","""\thttp://example.com/p?q=1#f"""
"c0-leading-0a","c0-control-leading","""\nhttp://example.com/p?q=1#f"""
"c0-leading-0b","c0-control-leading","""\u000bhttp://example.com/p?q=1#f"""
"c0-leading-0c","c0-control-leading","""\fhttp://example.com/p?q=1#f"""
"c0-leading-0d","c0-control-leading","""\rhttp://example.com/p?q=1#f"""
"c0-leading-0e","c0-control-leading","""\u000ehttp://example.com/p?q=1#f"""
"c0-leading-0f","c0-control-leading","""\u000fhttp://example.com/p?q=1#f"""
"c0-leading-10","c0-control-leading","""\u0010http://example.com/p?q=1#f"""
"c0-leading-11","c0-control-leading","""\u0011http://example.com/p?q=1#f"""
"c0-leading-12","c0-control-leading","""\u0012http://example.com/p?q=1#f"""
"c0-leading-13","c0-control-leading","""\u0013http://example.com/p?q=1#f"""
"c0-leading-14","c0-control-leading","""\u0014http://example.com/p?q=1#f"""
"c0-leading-15","c0-control-leading","""\u0015http://example.com/p?q=1#f"""
"c0-leading-16","c0-control-leading","""\u0016http://example.com/p?q=1#f"""
"c0-leading-17","c0-control-leading","""\u0017http://example.com/p?q=1#f"""
"c0-leading-18","c0-control-leading","""\u0018http://example.com/p?q=1#f"""
"c0-leading-19","c0-control-leading","""\u0019http://example.com/p?q=1#f"""
"c0-leading-1a","c0-control-leading","""\u001ahttp://example.com/p?q=1#f"""
"c0-leading-1b","c0-control-leading","""\u001bhttp://example.com/p?q=1#f"""
"c0-leading-1c","c0-control-leading","""\u001chttp://example.com/p?q=1#f"""
"c0-leading-1d","c0-control-leading","""\u001dhttp://example.com/p?q=1#f"""
"c0-leading-1e","c0-control-leading","""\u001ehttp://example.com/p?q=1#f"""
"c0-leading-1f","c0-control-leading","""\u001fhttp://example.com/p?q=1#f"""
"c0-leading-7f","c0-control-leading","""\u007fhttp://example.com/p?q=1#f"""
"c0-trailing-01","c0-control-trailing","""http://example.com/p?q=1#f\u0001"""
"c0-trailing-02","c0-control-trailing","""http://example.com/p?q=1#f\u0002"""
"c0-trailing-03","c0-control-trailing","""http://example.com/p?q=1#f\u0003"""
"c0-trailing-04","c0-control-trailing","""http://example.com/p?q=1#f\u0004"""
"c0-trailing-05","c0-control-trailing","""http://example.com/p?q=1#f\u0005"""
"c0-trailing-06","c0-control-trailing","""http://example.com/p?q=1#f\u0006"""
"c0-trailing-07","c0-control-trailing","""http://example.com/p?q=1#f\u0007"""
"c0-trailing-08","c0-control-trailing","""http://example.com/p?q=1#f\b"""
"c0-trailing-09","c0-control-trailing","""http://example.com/p?q=1#f\t"""
"c0-trailing-0a","c0-control-trailing","""http://example.com/p?q=1#f\n"""
"c0-trailing-0b","c0-control-trailing","""http://example.com/p?q=1#f\u000b"""
"c0-trailing-0c","c0-control-trailing","""http://example.com/p?q=1#f\f"""
"c0-trailing-0d","c0-control-trailing","""http://example.com/p?q=1#f\r"""
"c0-trailing-0e","c0-control-trailing","""http://example.com/p?q=1#f\u000e"""
"c0-trailing-0f","c0-control-trailing","""http://example.com/p?q=1#f\u000f"""
"c0-trailing-10","c0-control-trailing","""http://example.com/p?q=1#f\u0010"""
"c0-trailing-11","c0-control-trailing","""http://example.com/p?q=1#f\u0011"""
"c0-trailing-12","c0-control-trailing","""http://example.com/p?q=1#f\u0012"""
"c0-trailing-13","c0-control-trailing","""http://example.com/p?q=1#f\u0013"""
"c0-trailing-14","c0-control-trailing","""http://example.com/p?q=1#f\u0014"""
"c0-trailing-15","c0-control-trailing","""http://example.com/p?q=1#f\u0015"""
"c0-trailing-16","c0-control-trailing","""http://example.com/p?q=1#f\u0016"""
"c0-trailing-17","c0-control-trailing","""http://example.com/p?q=1#f\u0017"""
"c0-trailing-18","c0-control-trailing","""http://example.com/p?q=1#f\u0018"""
"c0-trailing-19","c0-control-trailing","""http://example.com/p?q=1#f\u0019"""
"c0-trailing-1a","c0-control-trailing","""http://example.com/p?q=1#f\u001a"""
"c0-trailing-1b","c0-control-trailing","""http://example.com/p?q=1#f\u001b"""
"c0-trailing-1c","c0-control-trailing","""http://example.com/p?q=1#f\u001c"""
"c0-trailing-1d","c0-control-trailing","""http://example.com/p?q=1#f\u001d"""
"c0-trailing-1e","c0-control-trailing","""http://example.com/p?q=1#f\u001e"""
"c0-trailing-1f","c0-control-trailing","""http://example.com/p?q=1#f\u001f"""
"c0-trailing-7f","c0-control-trailing","""http://example.com/p?q=1#f\u007f"""
"c0-scheme-01","c0-control-scheme","""ht\u0001tp://example.com/p?q=1#f"""
"c0-scheme-02","c0-control-scheme","""ht\u0002tp://example.com/p?q=1#f"""
"c0-scheme-03","c0-control-scheme","""ht\u0003tp://example.com/p?q=1#f"""
"c0-scheme-04","c0-control-scheme","""ht\u0004tp://example.com/p?q=1#f"""
"c0-scheme-05","c0-control-scheme","""ht\u0005tp://example.com/p?q=1#f"""
"c0-scheme-06","c0-control-scheme","""ht\u0006tp://example.com/p?q=1#f"""
"c0-scheme-07","c0-control-scheme","""ht\u0007tp://example.com/p?q=1#f"""
"c0-scheme-08","c0-control-scheme","""ht\btp://example.com/p?q=1#f"""
"c0-scheme-09","c0-control-scheme","""ht\ttp://example.com/p?q=1#f"""
"c0-scheme-0a","c0-control-scheme","""ht\ntp://example.com/p?q=1#f"""
"c0-scheme-0b","c0-control-scheme","""ht\u000btp://example.com/p?q=1#f"""
"c0-scheme-0c","c0-control-scheme","""ht\ftp://example.com/p?q=1#f"""
"c0-scheme-0d","c0-control-scheme","""ht\rtp://example.com/p?q=1#f"""
"c0-scheme-0e","c0-control-scheme","""ht\u000etp://example.com/p?q=1#f"""
"c0-scheme-0f","c0-control-scheme","""ht\u000ftp://example.com/p?q=1#f"""
"c0-scheme-10","c0-control-scheme","""ht\u0010tp://example.com/p?q=1#f"""
"c0-scheme-11","c0-control-scheme","""ht\u0011tp://example.com/p?q=1#f"""
"c0-scheme-12","c0-control-scheme","""ht\u0012tp://example.com/p?q=1#f"""
"c0-scheme-13","c0-control-scheme","""ht\u0013tp://example.com/p?q=1#f"""
"c0-scheme-14","c0-control-scheme","""ht\u0014tp://example.com/p?q=1#f"""
"c0-scheme-15","c0-control-scheme","""ht\u0015tp://example.com/p?q=1#f"""
"c0-scheme-16","c0-control-scheme","""ht\u0016tp://example.com/p?q=1#f"""
"c0-scheme-17","c0-control-scheme","""ht\u0017tp://example.com/p?q=1#f"""
"c0-scheme-18","c0-control-scheme","""ht\u0018tp://example.com/p?q=1#f"""
"c0-scheme-19","c0-control-scheme","""ht\u0019tp://example.com/p?q=1#f"""
"c0-scheme-1a","c0-control-scheme","""ht\u001atp://example.com/p?q=1#f"""
"c0-scheme-1b","c0-control-scheme","""ht\u001btp://example.com/p?q=1#f"""
"c0-scheme-1c","c0-control-scheme","""ht\u001ctp://example.com/p?q=1#f"""
"c0-scheme-1d","c0-control-scheme","""ht\u001dtp://example.com/p?q=1#f"""
"c0-scheme-1e","c0-control-scheme","""ht\u001etp://example.com/p?q=1#f"""
"c0-scheme-1f","c0-control-scheme","""ht\u001ftp://example.com/p?q=1#f"""
"c0-scheme-7f","c0-control-scheme","""ht\u007ftp://example.com/p?q=1#f"""
"c0-host-01","c0-control-host","""http://exam\u0001ple.com/p?q=1#f"""
"c0-host-02","c0-control-host","""http://exam\u0002ple.com/p?q=1#f"""
"c0-host-03","c0-control-host","""http://exam\u0003ple.com/p?q=1#f"""
"c0-host-04","c0-control-host","""http://exam\u0004ple.com/p?q=1#f"""
"c0-host-05","c0-control-host","""http://exam\u0005ple.com/p?q=1#f"""
"c0-host-06","c0-control-host","""http://exam\u0006ple.com/p?q=1#f"""
"c0-host-07","c0-control-host","""http://exam\u0007ple.com/p?q=1#f"""
"c0-host-08","c0-control-host","""http://exam\bple.com/p?q=1#f"""
"c0-host-09","c0-control-host","""http://exam\tple.com/p?q=1#f"""
"c0-host-0a","c0-control-host","""http://exam\nple.com/p?q=1#f"""
"c0-host-0b","c0-control-host","""http://exam\u000bple.com/p?q=1#f"""
"c0-host-0c","c0-control-host","""http://exam\fple.com/p?q=1#f"""
"c0-host-0d","c0-control-host","""http://exam\rple.com/p?q=1#f"""
"c0-host-0e","c0-control-host","""http://exam\u000eple.com/p?q=1#f"""
"c0-host-0f","c0-control-host","""http://exam\u000fple.com/p?q=1#f"""
"c0-host-10","c0-control-host","""http://exam\u0010ple.com/p?q=1#f"""
"c0-host-11","c0-control-host","""http://exam\u0011ple.com/p?q=1#f"""
"c0-host-12","c0-control-host","""http://exam\u0012ple.com/p?q=1#f"""
"c0-host-13","c0-control-host","""http://exam\u0013ple.com/p?q=1#f"""
"c0-host-14","c0-control-host","""http://exam\u0014ple.com/p?q=1#f"""
"c0-host-15","c0-control-host","""http://exam\u0015ple.com/p?q=1#f"""
"c0-host-16","c0-control-host","""http://exam\u0016ple.com/p?q=1#f"""
"c0-host-17","c0-control-host","""http://exam\u0017ple.com/p?q=1#f"""
"c0-host-18","c0-control-host","""http://exam\u0018ple.com/p?q=1#f"""
"c0-host-19","c0-control-host","""http://exam\u0019ple.com/p?q=1#f"""
"c0-host-1a","c0-control-host","""http://exam\u001aple.com/p?q=1#f"""
"c0-host-1b","c0-control-host","""http://exam\u001bple.com/p?q=1#f"""
"c0-host-1c","c0-control-host","""http://exam\u001cple.com/p?q=1#f"""
"c0-host-1d","c0-control-host","""http://exam\u001dple.com/p?q=1#f"""
"c0-host-1e","c0-control-host","""http://exam\u001eple.com/p?q=1#f"""
"c0-host-1f","c0-control-host","""http://exam\u001fple.com/p?q=1#f"""
"c0-host-7f","c0-control-host","""http://exam\u007fple.com/p?q=1#f"""
"c0-path-01","c0-control-path","""http://example.com/p\u0001x?q=1#f"""
"c0-path-02","c0-control-path","""http://example.com/p\u0002x?q=1#f"""
"c0-path-03","c0-control-path","""http://example.com/p\u0003x?q=1#f"""
"c0-path-04","c0-control-path","""http://example.com/p\u0004x?q=1#f"""
"c0-path-05","c0-control-path","""http://example.com/p\u0005x?q=1#f"""
"c0-path-06","c0-control-path","""http://example.com/p\u0006x?q=1#f"""
"c0-path-07","c0-control-path","""http://example.com/p\u0007x?q=1#f"""
"c0-path-08","c0-control-path","""http://example.com/p\bx?q=1#f"""
"c0-path-09","c0-control-path","""http://example.com/p\tx?q=1#f"""
"c0-path-0a","c0-control-path","""http://example.com/p\nx?q=1#f"""
"c0-path-0b","c0-control-path","""http://example.com/p\u000bx?q=1#f"""
"c0-path-0c","c0-control-path","""http://example.com/p\fx?q=1#f"""
"c0-path-0d","c0-control-path","""http://example.com/p\rx?q=1#f"""
"c0-path-0e","c0-control-path","""http://example.com/p\u000ex?q=1#f"""
"c0-path-0f","c0-control-path","""http://example.com/p\u000fx?q=1#f"""
"c0-path-10","c0-control-path","""http://example.com/p\u0010x?q=1#f"""
"c0-path-11","c0-control-path","""http://example.com/p\u0011x?q=1#f"""
"c0-path-12","c0-control-path","""http://example.com/p\u0012x?q=1#f"""
"c0-path-13","c0-control-path","""http://example.com/p\u0013x?q=1#f"""
"c0-path-14","c0-control-path","""http://example.com/p\u0014x?q=1#f"""
"c0-path-15","c0-control-path","""http://example.com/p\u0015x?q=1#f"""
"c0-path-16","c0-control-path","""http://example.com/p\u0016x?q=1#f"""
"c0-path-17","c0-control-path","""http://example.com/p\u0017x?q=1#f"""
"c0-path-18","c0-control-path","""http://example.com/p\u0018x?q=1#f"""
"c0-path-19","c0-control-path","""http://example.com/p\u0019x?q=1#f"""
"c0-path-1a","c0-control-path","""http://example.com/p\u001ax?q=1#f"""
"c0-path-1b","c0-control-path","""http://example.com/p\u001bx?q=1#f"""
"c0-path-1c","c0-control-path","""http://example.com/p\u001cx?q=1#f"""
"c0-path-1d","c0-control-path","""http://example.com/p\u001dx?q=1#f"""
"c0-path-1e","c0-control-path","""http://example.com/p\u001ex?q=1#f"""
"c0-path-1f","c0-control-path","""http://example.com/p\u001fx?q=1#f"""
"c0-path-7f","c0-control-path","""http://example.com/p\u007fx?q=1#f"""
"c0-query-01","c0-control-query","""http://example.com/p?q\u0001=1#f"""
"c0-query-02","c0-control-query","""http://example.com/p?q\u0002=1#f"""
"c0-query-03","c0-control-query","""http://example.com/p?q\u0003=1#f"""
"c0-query-04","c0-control-query","""http://example.com/p?q\u0004=1#f"""
"c0-query-05","c0-control-query","""http://example.com/p?q\u0005=1#f"""
"c0-query-06","c0-control-query","""http://example.com/p?q\u0006=1#f"""
"c0-query-07","c0-control-query","""http://example.com/p?q\u0007=1#f"""
"c0-query-08","c0-control-query","""http://example.com/p?q\b=1#f"""
"c0-query-09","c0-control-query","""http://example.com/p?q\t=1#f"""
"c0-query-0a","c0-control-query","""http://example.com/p?q\n=1#f"""
"c0-query-0b","c0-control-query","""http://example.com/p?q\u000b=1#f"""
"c0-query-0c","c0-control-query","""http://example.com/p?q\f=1#f"""
"c0-query-0d","c0-control-query","""http://example.com/p?q\r=1#f"""
"c0-query-0e","c0-control-query","""http://example.com/p?q\u000e=1#f"""
"c0-query-0f","c0-control-query","""http://example.com/p?q\u000f=1#f"""
"c0-query-10","c0-control-query","""http://example.com/p?q\u0010=1#f"""
"c0-query-11","c0-control-query","""http://example.com/p?q\u0011=1#f"""
"c0-query-12","c0-control-query","""http://example.com/p?q\u0012=1#f"""
"c0-query-13","c0-control-query","""http://example.com/p?q\u0013=1#f"""
"c0-query-14","c0-control-query","""http://example.com/p?q\u0014=1#f"""
"c0-query-15","c0-control-query","""http://example.com/p?q\u0015=1#f"""
"c0-query-16","c0-control-query","""http://example.com/p?q\u0016=1#f"""
"c0-query-17","c0-control-query","""http://example.com/p?q\u0017=1#f"""
"c0-query-18","c0-control-query","""http://example.com/p?q\u0018=1#f"""
"c0-query-19","c0-control-query","""http://example.com/p?q\u0019=1#f"""
"c0-query-1a","c0-control-query","""http://example.com/p?q\u001a=1#f"""
"c0-query-1b","c0-control-query","""http://example.com/p?q\u001b=1#f"""
"c0-query-1c","c0-control-query","""http://example.com/p?q\u001c=1#f"""
"c0-query-1d","c0-control-query","""http://example.com/p?q\u001d=1#f"""
"c0-query-1e","c0-control-query","""http://example.com/p?q\u001e=1#f"""
"c0-query-1f","c0-control-query","""http://example.com/p?q\u001f=1#f"""
"c0-query-7f","c0-control-query","""http://example.com/p?q\u007f=1#f"""
"c0-fragment-01","c0-control-fragment","""http://example.com/p?q=1#f\u0001g"""
"c0-fragment-02","c0-control-fragment","""http://example.com/p?q=1#f\u0002g"""
"c0-fragment-03","c0-control-fragment","""http://example.com/p?q=1#f\u0003g"""
"c0-fragment-04","c0-control-fragment","""http://example.com/p?q=1#f\u0004g"""
"c0-fragment-05","c0-control-fragment","""http://example.com/p?q=1#f\u0005g"""
"c0-fragment-06","c0-control-fragment","""http://example.com/p?q=1#f\u0006g"""
"c0-fragment-07","c0-control-fragment","""http://example.com/p?q=1#f\u0007g"""
"c0-fragment-08","c0-control-fragment","""http://example.com/p?q=1#f\bg"""
"c0-fragment-09","c0-control-fragment","""http://example.com/p?q=1#f\tg"""
"c0-fragment-0a","c0-control-fragment","""http://example.com/p?q=1#f\ng"""
"c0-fragment-0b","c0-control-fragment","""http://example.com/p?q=1#f\u000bg"""
"c0-fragment-0c","c0-control-fragment","""http://example.com/p?q=1#f\fg"""
"c0-fragment-0d","c0-control-fragment","""http://example.com/p?q=1#f\rg"""
"c0-fragment-0e","c0-control-fragment","""http://example.com/p?q=1#f\u000eg"""
"c0-fragment-0f","c0-control-fragment","""http://example.com/p?q=1#f\u000fg"""
"c0-fragment-10","c0-control-fragment","""http://example.com/p?q=1#f\u0010g"""
"c0-fragment-11","c0-control-fragment","""http://example.com/p?q=1#f\u0011g"""
"c0-fragment-12","c0-control-fragment","""http://example.com/p?q=1#f\u0012g"""
"c0-fragment-13","c0-control-fragment","""http://example.com/p?q=1#f\u0013g"""
"c0-fragment-14","c0-control-fragment","""http://example.com/p?q=1#f\u0014g"""
"c0-fragment-15","c0-control-fragment","""http://example.com/p?q=1#f\u0015g"""
"c0-fragment-16","c0-control-fragment","""http://example.com/p?q=1#f\u0016g"""
"c0-fragment-17","c0-control-fragment","""http://example.com/p?q=1#f\u0017g"""
"c0-fragment-18","c0-control-fragment","""http://example.com/p?q=1#f\u0018g"""
"c0-fragment-19","c0-control-fragment","""http://example.com/p?q=1#f\u0019g"""
"c0-fragment-1a","c0-control-fragment","""http://example.com/p?q=1#f\u001ag"""
"c0-fragment-1b","c0-control-fragment","""http://example.com/p?q=1#f\u001bg"""
"c0-fragment-1c","c0-control-fragment","""http://example.com/p?q=1#f\u001cg"""
"c0-fragment-1d","c0-control-fragment","""http://example.com/p?q=1#f\u001dg"""
"c0-fragment-1e","c0-control-fragment","""http://example.com/p?q=1#f\u001eg"""
"c0-fragment-1f","c0-control-fragment","""http://example.com/p?q=1#f\u001fg"""
"c0-fragment-7f","c0-control-fragment","""http://example.com/p?q=1#f\u007fg"""
"c0-strip-01","c0-whatwg-strip","""http://exa\tmple.com/\np"""
"c0-strip-02","c0-whatwg-strip","""http://example.com/\r\np"""
"c0-strip-03","c0-whatwg-strip","""http://example.com/p\r\n"""
"c0-strip-04","c0-whatwg-strip","""\r\nhttp://example.com/p"""
"c0-strip-05","c0-whatwg-strip","""http\n://example.com/p"""
"c0-strip-06","c0-whatwg-strip","""http:\t//example.com/p"""
"c0-strip-07","c0-whatwg-strip","""http://example.com\t:80/p"""
"c0-strip-08","c0-whatwg-strip","""http://example.com:\n80/p"""
"c0-strip-09","c0-whatwg-strip","""http://us\rer:pw@example.com/p"""
"c0-strip-10","c0-whatwg-strip","""http://example.com/p?a=\t1&b=\n2"""
"c0-strip-11","c0-whatwg-strip","""http://example.com/p#fr\rag"""
"c0-strip-12","c0-whatwg-strip","""http://ex\t\n\rample.com/p"""
"ipv4-octal-01","ipv4-octal","""http://0177.0.0.1/"""
"ipv4-octal-02","ipv4-octal","""http://0177.00.00.01/"""
"ipv4-octal-03","ipv4-octal","""http://0177.000.0000.00001/"""
"ipv4-octal-04","ipv4-octal","""http://0251.0376.0251.0376/"""
"ipv4-octal-05","ipv4-octal","""http://010.010.010.010/"""
"ipv4-octal-06","ipv4-octal","""http://0300.0250.0.01/"""
"ipv4-hex-01","ipv4-hex","""http://0x7f.0x0.0x0.0x1/"""
"ipv4-hex-02","ipv4-hex","""http://0x7f.0x00.0x00.0x01/"""
"ipv4-hex-03","ipv4-hex","""http://0xa9.0xfe.0xa9.0xfe/"""
"ipv4-hex-04","ipv4-hex","""http://0X7F.0X0.0X0.0X1/"""
"ipv4-hex-05","ipv4-hex","""http://0x7f000001/"""
"ipv4-hex-06","ipv4-hex","""http://0xa9fea9fe/"""
"ipv4-dword-01","ipv4-dword","""http://2130706433/"""
"ipv4-dword-02","ipv4-dword","""http://2852039166/"""
"ipv4-dword-03","ipv4-dword","""http://3232235777/"""
"ipv4-dword-04","ipv4-dword","""http://4294967295/"""
"ipv4-dword-05","ipv4-dword","""http://4294967296/"""
"ipv4-dword-06","ipv4-dword","""http://0/"""
"ipv4-mixed-01","ipv4-mixed-radix","""http://0x7f.00.0.1/"""
"ipv4-mixed-02","ipv4-mixed-radix","""http://0177.0x0.1/"""
"ipv4-mixed-03","ipv4-mixed-radix","""http://0xa9.254.0xa9.0376/"""
"ipv4-mixed-04","ipv4-mixed-radix","""http://0x7f.1/"""
"ipv4-mixed-05","ipv4-mixed-radix","""http://127.0x1/"""
"ipv4-mixed-06","ipv4-mixed-radix","""http://0177.1.0x1/"""
"ipv4-padded-01","ipv4-padded-octet","""http://127.000.000.001/"""
"ipv4-padded-02","ipv4-padded-octet","""http://0000127.0.0.1/"""
"ipv4-padded-03","ipv4-padded-octet","""http://127.0.0.0000001/"""
"ipv4-padded-04","ipv4-padded-octet","""http://00000000000000000001.0.0.1/"""
"ipv4-short-01","ipv4-short-form","""http://127.1/"""
"ipv4-short-02","ipv4-short-form","""http://127.0.1/"""
"ipv4-short-03","ipv4-short-form","""http://192.168.1/"""
"ipv4-short-04","ipv4-short-form","""http://1/"""
"ipv4-short-05","ipv4-short-form","""http://1.1/"""
"ipv4-dot-01","ipv4-trailing-dot","""http://127.0.0.1./"""
"ipv4-dot-02","ipv4-trailing-dot","""http://127.0.0.1../"""
"ipv4-dot-03","ipv4-trailing-dot","""http://.127.0.0.1/"""
"ipv4-dot-04","ipv4-trailing-dot","""http://example.com./"""
"ipv4-dot-05","ipv4-trailing-dot","""http://127.0.0.1.:80/"""
"ipv4-range-01","ipv4-out-of-range","""http://127.0.0.256/"""
"ipv4-range-02","ipv4-out-of-range","""http://256.256.256.256/"""
"ipv4-range-03","ipv4-out-of-range","""http://999.999.999.999/"""
"ipv4-range-04","ipv4-out-of-range","""http://127.0.0.1.1/"""
"ipv4-range-05","ipv4-out-of-range","""http://0xffffffff.0/"""
"ipv4-range-06","ipv4-out-of-range","""http://0xffffffff1/"""
"ipv4-range-07","ipv4-out-of-range","""http://-1.0.0.1/"""
"ipv4-range-08","ipv4-out-of-range","""http://127.0.0.0x100/"""
"file-authority-01","file-authority","""file://example.com/path"""
"file-authority-02","file-authority","""file:///path"""
"file-authority-03","file-authority","""file://localhost/path"""
"file-authority-04","file-authority","""file://./path"""
"file-authority-05","file-authority","""file://../path"""
"file-authority-06","file-authority","""file:///"""
"file-authority-07","file-authority","""file://"""
"file-authority-08","file-authority","""file:/path"""
"file-authority-09","file-authority","""file:path"""
"file-authority-10","file-authority","""file://user@example.com/path"""
"file-authority-11","file-authority","""file://example.com:80/path"""
"file-authority-12","file-authority","""file://LOCALHOST/path"""
"file-drive-01","file-drive-letter","""file:C:/x"""
"file-drive-02","file-drive-letter","""file:///C:/x"""
"file-drive-03","file-drive-letter","""file://C|/x"""
"file-drive-04","file-drive-letter","""file:C|/x"""
"file-drive-05","file-drive-letter","""file:C||/x"""
"file-drive-06","file-drive-letter","""file:/C|/"""
"file-drive-07","file-drive-letter","""file:///c:/Windows/System32"""
"file-drive-08","file-drive-letter","""file://localhost/C:/x"""
"file-drive-09","file-drive-letter","""file:///C:"""
"file-drive-10","file-drive-letter","""file:///C:/"""
"file-backslash-01","file-backslash-separator","""file://\\\\server\\share"""
"file-backslash-02","file-backslash-separator","""file:///C:\\x\\y"""
"file-backslash-03","file-backslash-separator","""file:\\\\C:\\x"""
"file-backslash-04","file-backslash-separator","""file://example.com\\path"""
"file-backslash-05","file-backslash-separator","""file:///path\\to\\file"""
"empty-01","empty-component","""http://"""
"empty-02","empty-component","""http:///path"""
"empty-03","empty-component","""http://:80/"""
"empty-04","empty-component","""http://example.com:"""
"empty-05","empty-component","""http://example.com:/path"""
"empty-06","empty-component","""http://example.com?"""
"empty-07","empty-component","""http://example.com#"""
"empty-08","empty-component","""http://example.com/?#"""
"empty-09","empty-component","""http://example.com"""
"empty-10","empty-component","""//example.com/path"""
"empty-11","empty-component","""//"""
"empty-12","empty-component","""///path"""
"empty-13","empty-component","""http://@example.com/"""
"empty-14","empty-component","""http://:@example.com/"""
"empty-15","empty-component","""http://user@example.com/"""
"empty-16","empty-component","""http://:pw@example.com/"""
"empty-17","empty-component","""http:"""
"empty-18","empty-component",""""""
"empty-19","empty-component",""" """
"empty-20","empty-component","""http://example.com/?a="""
"empty-21","empty-component","""http://example.com/#"""
"empty-22","empty-component","""http://example.com/p?#f"""
"idn-nonchar-01","idn-noncharacter","""https://\uffffy"""
"idn-nonchar-02","idn-noncharacter","""https://\ufffey"""
"idn-nonchar-03","idn-noncharacter","""https://ex\uffffample.com/"""
"idn-nonchar-04","idn-noncharacter","""https://example.com/p\uffff"""
"idn-nonchar-05","idn-noncharacter","""https://example.com/?q=\uffff"""
"idn-nonchar-06","idn-noncharacter","""https://\ufdd0example.com/"""
"idn-nonchar-07","idn-noncharacter","""https://exam\ud83f\udffeple.com/"""
"idn-astral-01","idn-astral-plane","""https://\ud83d\ude00.com/"""
"idn-astral-02","idn-astral-plane","""https://ex\ud834\udd1eample.com/"""
"idn-astral-03","idn-astral-plane","""https://example.com/\ud83d\ude00"""
"idn-astral-04","idn-astral-plane","""https://example.com/?q=\ud841\udf0e"""
"idn-astral-05","idn-astral-plane","""https://\udbff\udfff.com/"""
"idn-astral-06","idn-astral-plane","""https://\ud83d\ude00\ud83d\ude01.example.com/"""
"idn-invisible-01","idn-invisible-codepoint","""https://exam\u00adple.com/"""
"idn-invisible-02","idn-invisible-codepoint","""https://exam\u200bple.com/"""
"idn-invisible-03","idn-invisible-codepoint","""https://exam\u200dple.com/"""
"idn-invisible-04","idn-invisible-codepoint","""https://exam\ufeffple.com/"""
"idn-invisible-05","idn-invisible-codepoint","""https://exam\u00a0ple.com/"""
"idn-invisible-06","idn-invisible-codepoint","""https://\u00adexample.com/"""
"idn-separator-01","idn-label-separator","""http://127\u30020\u30020\u30021/"""
"idn-separator-02","idn-label-separator","""http://127\uff0e0\uff0e0\uff0e1/"""
"idn-separator-03","idn-label-separator","""http://127\uff610\uff610\uff611/"""
"idn-separator-04","idn-label-separator","""https://example\u3002com/"""
"idn-separator-05","idn-label-separator","""https://example\uff0ecom/"""
"idn-separator-06","idn-label-separator","""https://example\uff61com/"""
"idn-puny-01","idn-punycoded-label","""https://xn--bcher-kva.example/"""
"idn-puny-02","idn-punycoded-label","""https://xn--e1afmkfd.xn--p1ai/"""
"idn-puny-03","idn-punycoded-label","""https://xn--/"""
"idn-puny-04","idn-punycoded-label","""https://xn--a.com/"""
"idn-puny-05","idn-punycoded-label","""https://xn--0.com/"""
"idn-puny-06","idn-punycoded-label","""https://xn--bcher-kva.\u043f\u0440.com/"""
"idn-mixed-01","idn-mixed-script","""https://\u0430pple.com/"""
"idn-mixed-02","idn-mixed-script","""https://p\u0430ypal.com/"""
"idn-mixed-03","idn-mixed-script","""https://\u4f8b\u5b50.test/"""
"idn-mixed-04","idn-mixed-script","""https://\u03bfrange.com/"""
"idn-mixed-05","idn-mixed-script","""https://caf\u00e9.example/"""
"idn-mixed-06","idn-mixed-script","""https://cafe\u0301.example/"""
"idn-bidi-01","idn-bidi","""https://\u05d0\u05d1\u05d2.example/"""
"idn-bidi-02","idn-bidi","""https://\u0627\u0628\u062c.example/"""
"idn-bidi-03","idn-bidi","""https://a\u05d01.example/"""
"idn-bidi-04","idn-bidi","""https://\u202eexample.com/"""
"idn-bidi-05","idn-bidi","""https://exa\u200fmple.com/"""
"idn-long-01","idn-overlong-label","""https://aaaaaaaaaaaaaaaaaaaaaaaaaaaaaaaaaaaaaaaaaaaaaaaaaaaaaaaaaaaaaaa.com/"""
"idn-long-02","idn-overlong-label","""https://aaaaaaaaaaaaaaaaaaaaaaaaaaaaaaaaaaaaaaaaaaaaaaaaaaaaaaaaaaaaaaaa.com/"""
"idn-long-03","idn-overlong-label","""https://aaaaaaaaaaaaaaaaaaaaaaaaaaaaaaaaaaaaaaaaaaaaaaaaaaaaaaaaaaaaaaaaaaaaaaaaaaaaaaaaaaaaaaaaaaaaaaaaaaaaaaaaaaaaaaaaaaaaaaaaaaaaaaaaaaaaaaaaaaaaaaaaaaaaaaaaaaaaaaaaaaaaaaaaaaaaaaaaaaaaaaaaaaaaaaaaaaaaaaaaaaaaaaaaaaaaaaaaaaaaaaaaaaaaaaaaaaaaaaaaaaaaaaaaaaaaaaa.com/"""
"idn-long-04","idn-overlong-label","""https://aaaaaaaaaaaaaaaaaaaaaaaaaaaaaaaaaaaaaaaaaaaaaaaaaaaaaaaaaaaaaaa.aaaaaaaaaaaaaaaaaaaaaaaaaaaaaaaaaaaaaaaaaaaaaaaaaaaaaaaaaaaaaaa.aaaaaaaaaaaaaaaaaaaaaaaaaaaaaaaaaaaaaaaaaaaaaaaaaaaaaaaaaaaaaaa.aaaaaaaaaaaaaaaaaaaaaaaaaaaaaaaaaaaaaaaaaaaaaaaaaaaaaaaaaaaaaaa.com/"""
"idn-long-05","idn-overlong-label","""https://\u00e9\u00e9\u00e9\u00e9\u00e9\u00e9\u00e9\u00e9\u00e9\u00e9\u00e9\u00e9\u00e9\u00e9\u00e9\u00e9\u00e9\u00e9\u00e9\u00e9\u00e9\u00e9\u00e9\u00e9\u00e9\u00e9\u00e9\u00e9\u00e9\u00e9\u00e9\u00e9\u00e9\u00e9\u00e9\u00e9\u00e9\u00e9\u00e9\u00e9.com/"""
"known-div-01","known-divergent","""file://example.com/path"""
"known-div-02","known-divergent","""file:///c:/Windows/System32"""
"known-div-03","known-divergent","""https://\uffffy"""
"known-div-04","known-divergent","""http://foo.0XFfFfFfFfFfFfFfFfFfAcE123"""
"known-div-05","known-divergent","""http://0xffffffff.0/"""
"ext-wpt-fail-012","external-vector","""file://example:1/"""
"ext-wpt-fail-013","external-vector","""file://example:test/"""
"ext-wpt-fail-014","external-vector","""file://example%/"""
"ext-wpt-fail-015","external-vector","""file://[example]/"""
"ext-wpt-fail-016","external-vector","""http://user:pass@/"""
"ext-wpt-fail-017","external-vector","""http://foo:-80/"""
"ext-wpt-fail-018","external-vector","""http:/:@/www.example.com"""
"ext-wpt-fail-019","external-vector","""http://user@/www.example.com"""
"ext-wpt-fail-020","external-vector","""http:@/www.example.com"""
"ext-wpt-fail-021","external-vector","""http:/@/www.example.com"""
"ext-wpt-fail-022","external-vector","""http://@/www.example.com"""
"ext-wpt-fail-023","external-vector","""https:@/www.example.com"""
"ext-wpt-fail-024","external-vector","""http:a:b@/www.example.com"""
"ext-wpt-fail-025","external-vector","""http:/a:b@/www.example.com"""
"ext-wpt-fail-026","external-vector","""http://a:b@/www.example.com"""
"ext-wpt-fail-027","external-vector","""http::@/www.example.com"""
"ext-wpt-fail-028","external-vector","""http:@:www.example.com"""
"ext-wpt-fail-029","external-vector","""http:/@:www.example.com"""
"ext-wpt-fail-030","external-vector","""http://@:www.example.com"""
"ext-wpt-fail-038","external-vector","""https://\ufffd"""
"ext-wpt-fail-039","external-vector","""https://%EF%BF%BD"""
"ext-wpt-fail-050","external-vector","""https://x x:12"""
"ext-wpt-fail-051","external-vector","""http://[www.google.com]/"""
"ext-wpt-fail-069","external-vector","""sc://@/"""
"ext-wpt-fail-070","external-vector","""sc://te@s:t@/"""
"ext-wpt-fail-071","external-vector","""sc://:/"""
"ext-wpt-fail-072","external-vector","""sc://:12/"""
"ext-wpt-fail-074","external-vector","""sc://a b/"""
"ext-wpt-fail-075","external-vector","""sc://a<b"""
"ext-wpt-fail-076","external-vector","""sc://a>b"""
"ext-wpt-fail-077","external-vector","""sc://a[b/"""
"ext-wpt-fail-078","external-vector","""sc://a\\b/"""
"ext-wpt-fail-079","external-vector","""sc://a]b/"""
"ext-wpt-fail-080","external-vector","""sc://a^b"""
"ext-wpt-fail-081","external-vector","""sc://a|b/"""
"ext-wpt-fail-083","external-vector","""http://a\u0001b/"""
"ext-wpt-fail-084","external-vector","""http://a\u0002b/"""
"ext-wpt-fail-085","external-vector","""http://a\u0003b/"""
"ext-wpt-fail-086","external-vector","""http://a\u0004b/"""
"ext-wpt-fail-087","external-vector","""http://a\u0005b/"""
"ext-wpt-fail-088","external-vector","""http://a\u0006b/"""
"ext-wpt-fail-089","external-vector","""http://a\u0007b/"""
"ext-wpt-fail-090","external-vector","""http://a\bb/"""
"ext-wpt-fail-091","external-vector","""http://a\u000bb/"""
"ext-wpt-fail-092","external-vector","""http://a\fb/"""
"ext-wpt-fail-093","external-vector","""http://a\u000eb/"""
"ext-wpt-fail-094","external-vector","""http://a\u000fb/"""
"ext-wpt-fail-095","external-vector","""http://a\u0010b/"""
"ext-wpt-fail-096","external-vector","""http://a\u0011b/"""
"ext-wpt-fail-097","external-vector","""http://a\u0012b/"""
"ext-wpt-fail-098","external-vector","""http://a\u0013b/"""
"ext-wpt-fail-099","external-vector","""http://a\u0014b/"""
"ext-wpt-fail-100","external-vector","""http://a\u0015b/"""
"ext-wpt-fail-101","external-vector","""http://a\u0016b/"""
"ext-wpt-fail-102","external-vector","""http://a\u0017b/"""
"ext-wpt-fail-103","external-vector","""http://a\u0018b/"""
"ext-wpt-fail-104","external-vector","""http://a\u0019b/"""
"ext-wpt-fail-105","external-vector","""http://a\u001ab/"""
"ext-wpt-fail-106","external-vector","""http://a\u001bb/"""
"ext-wpt-fail-107","external-vector","""http://a\u001cb/"""
"ext-wpt-fail-108","external-vector","""http://a\u001db/"""
"ext-wpt-fail-109","external-vector","""http://a\u001eb/"""
"ext-wpt-fail-110","external-vector","""http://a\u001fb/"""
"ext-wpt-fail-111","external-vector","""http://a b/"""
"ext-wpt-fail-112","external-vector","""http://a%b/"""
"ext-wpt-fail-113","external-vector","""http://a<b"""
"ext-wpt-fail-114","external-vector","""http://a>b"""
"ext-wpt-fail-115","external-vector","""http://a[b/"""
"ext-wpt-fail-116","external-vector","""http://a]b/"""
"ext-wpt-fail-117","external-vector","""http://a^b"""
"ext-wpt-fail-118","external-vector","""http://a|b/"""
"ext-wpt-fail-119","external-vector","""http://a\u007fb/"""
"ext-wpt-fail-120","external-vector","""http://ho%00st/"""
"ext-wpt-fail-121","external-vector","""http://ho%01st/"""
"ext-wpt-fail-122","external-vector","""http://ho%02st/"""
"ext-wpt-fail-123","external-vector","""http://ho%03st/"""
"ext-wpt-fail-124","external-vector","""http://ho%04st/"""
"ext-wpt-fail-125","external-vector","""http://ho%05st/"""
"ext-wpt-fail-126","external-vector","""http://ho%06st/"""
"ext-wpt-fail-127","external-vector","""http://ho%07st/"""
"ext-wpt-fail-128","external-vector","""http://ho%08st/"""
"ext-wpt-fail-129","external-vector","""http://ho%09st/"""
"ext-wpt-fail-130","external-vector","""http://ho%0Ast/"""
"ext-wpt-fail-131","external-vector","""http://ho%0Bst/"""
"ext-wpt-fail-132","external-vector","""http://ho%0Cst/"""
"ext-wpt-fail-133","external-vector","""http://ho%0Dst/"""
"ext-wpt-fail-134","external-vector","""http://ho%0Est/"""
"ext-wpt-fail-135","external-vector","""http://ho%0Fst/"""
"ext-wpt-fail-136","external-vector","""http://ho%10st/"""
"ext-wpt-fail-137","external-vector","""http://ho%11st/"""
"ext-wpt-fail-138","external-vector","""http://ho%12st/"""
"ext-wpt-fail-139","external-vector","""http://ho%13st/"""
"ext-wpt-fail-140","external-vector","""http://ho%14st/"""
"ext-wpt-fail-141","external-vector","""http://ho%15st/"""
"ext-wpt-fail-142","external-vector","""http://ho%16st/"""
"ext-wpt-fail-143","external-vector","""http://ho%17st/"""
"ext-wpt-fail-144","external-vector","""http://ho%18st/"""
"ext-wpt-fail-145","external-vector","""http://ho%19st/"""
"ext-wpt-fail-146","external-vector","""http://ho%1Ast/"""
"ext-wpt-fail-147","external-vector","""http://ho%1Bst/"""
"ext-wpt-fail-148","external-vector","""http://ho%1Cst/"""
"ext-wpt-fail-149","external-vector","""http://ho%1Dst/"""
"ext-wpt-fail-150","external-vector","""http://ho%1Est/"""
"ext-wpt-fail-151","external-vector","""http://ho%1Fst/"""
"ext-wpt-fail-152","external-vector","""http://ho%20st/"""
"ext-wpt-fail-153","external-vector","""http://ho%23st/"""
"ext-wpt-fail-154","external-vector","""http://ho%25st/"""
"ext-wpt-fail-155","external-vector","""http://ho%2Fst/"""
"ext-wpt-fail-156","external-vector","""http://ho%3Ast/"""
"ext-wpt-fail-157","external-vector","""http://ho%3Cst/"""
"ext-wpt-fail-158","external-vector","""http://ho%3Est/"""
"ext-wpt-fail-159","external-vector","""http://ho%3Fst/"""
"ext-wpt-fail-160","external-vector","""http://ho%40st/"""
"ext-wpt-fail-161","external-vector","""http://ho%5Bst/"""
"ext-wpt-fail-162","external-vector","""http://ho%5Cst/"""
"ext-wpt-fail-163","external-vector","""http://ho%5Dst/"""
"ext-wpt-fail-164","external-vector","""http://ho%7Cst/"""
"ext-wpt-fail-165","external-vector","""http://ho%7Fst/"""
"ext-wpt-fail-166","external-vector","""ftp://example.com%80/"""
"ext-wpt-fail-167","external-vector","""ftp://example.com%A0/"""
"ext-wpt-fail-168","external-vector","""https://example.com%80/"""
"ext-wpt-fail-169","external-vector","""https://example.com%A0/"""
"ext-wpt-fail-177","external-vector","""https://0x100000000/test"""
"ext-wpt-fail-178","external-vector","""https://256.0.0.1/test"""
"ext-wpt-fail-179","external-vector","""file://%43%3A"""
"ext-wpt-fail-180","external-vector","""file://%43%7C"""
"ext-wpt-fail-181","external-vector","""file://%43|"""
"ext-wpt-fail-182","external-vector","""file://C%7C"""
"ext-wpt-fail-183","external-vector","""file://%43%7C/"""
"ext-wpt-fail-184","external-vector","""https://%43%7C/"""
"ext-wpt-fail-185","external-vector","""asdf://%43|/"""
"ext-wpt-fail-186","external-vector","""\\\\\\.\\Y:"""
"ext-wpt-fail-187","external-vector","""\\\\\\.\\y:"""
"ext-wpt-fail-189","external-vector","""https://[0::0::0]"""
"ext-wpt-fail-190","external-vector","""https://[0:.0]"""
"ext-wpt-fail-191","external-vector","""https://[0:0:]"""
"ext-wpt-fail-192","external-vector","""https://[0:1:2:3:4:5:6:7.0.0.0.1]"""
"ext-wpt-fail-193","external-vector","""https://[0:1.00.0.0.0]"""
"ext-wpt-fail-194","external-vector","""https://[0:1.290.0.0.0]"""
"ext-wpt-fail-195","external-vector","""https://[0:1.23.23]"""
"ext-wpt-fail-196","external-vector","""http://?"""
"ext-wpt-fail-197","external-vector","""http://#"""
"ext-wpt-fail-201","external-vector","""non-special://[:80/"""
"ext-wpt-fail-202","external-vector","""http://[::127.0.0.0.1]"""
"ext-wpt-fail-203","external-vector","""a"""
"ext-wpt-fail-204","external-vector","""a/"""
"ext-wpt-fail-205","external-vector","""a//"""
"ext-wpt-fail-208","external-vector","""file://\u00ad/p"""
"ext-wpt-fail-209","external-vector","""file://%C2%AD/p"""
"ext-wpt-fail-210","external-vector","""#"""
"ext-wpt-fail-211","external-vector","""?"""
"ext-wpt-fail-214","external-vector","""http://0..0x300/"""
"ext-wpt-fail-215","external-vector","""http://0..0x300./"""
"ext-wpt-fail-218","external-vector","""http://1.2.3.08"""
"ext-wpt-fail-219","external-vector","""http://1.2.3.08."""
"ext-wpt-fail-220","external-vector","""http://1.2.3.09"""
"ext-wpt-fail-221","external-vector","""http://09.2.3.4"""
"ext-wpt-fail-222","external-vector","""http://09.2.3.4."""
"ext-wpt-fail-223","external-vector","""http://01.2.3.4.5"""
"ext-wpt-fail-224","external-vector","""http://01.2.3.4.5."""
"ext-wpt-fail-225","external-vector","""http://0x100.2.3.4"""
"ext-wpt-fail-226","external-vector","""http://0x100.2.3.4."""
"ext-wpt-fail-227","external-vector","""http://0x1.2.3.4.5"""
"ext-wpt-fail-228","external-vector","""http://0x1.2.3.4.5."""
"ext-wpt-fail-229","external-vector","""http://foo.1.2.3.4"""
"ext-wpt-fail-230","external-vector","""http://foo.1.2.3.4."""
"ext-wpt-fail-231","external-vector","""http://foo.2.3.4"""
"ext-wpt-fail-232","external-vector","""http://foo.2.3.4."""
"ext-wpt-fail-233","external-vector","""http://foo.09"""
"ext-wpt-fail-234","external-vector","""http://foo.09."""
"ext-wpt-fail-235","external-vector","""http://foo.0x4"""
"ext-wpt-fail-236","external-vector","""http://foo.0x4."""
"ext-wpt-fail-237","external-vector","""http://0999999999999999999/"""
"ext-wpt-fail-238","external-vector","""http://foo.0x"""
"ext-wpt-fail-239","external-vector","""http://foo.0XFfFfFfFfFfFfFfFfFfAcE123"""
"ext-wpt-fail-240","external-vector","""http://\ud83d\udca9.123/"""
"ext-wpt-fail-242","external-vector","""https://\uffffy"""
"ext-wpt-fail-243","external-vector",""""""
"ext-wpt-fail-244","external-vector","""https://\u00ad/"""
"ext-wpt-fail-245","external-vector","""https://%C2%AD/"""
"ext-wpt-fail-246","external-vector","""data://:443"""
"ext-wpt-fail-247","external-vector","""data://test:test"""
"ext-wpt-fail-248","external-vector","""data://[:1]"""
"ext-wpt-fail-249","external-vector","""javascript://:443"""
"ext-wpt-fail-250","external-vector","""javascript://test:test"""
"ext-wpt-fail-251","external-vector","""javascript://[:1]"""
"ext-wpt-fail-252","external-vector","""mailto://:443"""
"ext-wpt-fail-253","external-vector","""mailto://test:test"""
"ext-wpt-fail-254","external-vector","""mailto://[:1]"""
"ext-wpt-fail-255","external-vector","""intent://:443"""
"ext-wpt-fail-256","external-vector","""intent://test:test"""
"ext-wpt-fail-257","external-vector","""intent://[:1]"""
"ext-wpt-fail-258","external-vector","""urn://:443"""
"ext-wpt-fail-259","external-vector","""urn://test:test"""
"ext-wpt-fail-260","external-vector","""urn://[:1]"""
"ext-wpt-fail-261","external-vector","""turn://:443"""
"ext-wpt-fail-262","external-vector","""turn://test:test"""
"ext-wpt-fail-263","external-vector","""turn://[:1]"""
"ext-wpt-fail-264","external-vector","""stun://:443"""
"ext-wpt-fail-265","external-vector","""stun://test:test"""
"ext-wpt-fail-266","external-vector","""stun://[:1]"""
"ext-wpt-fail-267","external-vector","""non-special://host\\a"""
"ext-ipobf-001","external-vector","""http://0x7f.0x0.0x0.0x1/"""
"ext-ipobf-002","external-vector","""http://0x7f.0x00.0x00.0x01/"""
"ext-ipobf-003","external-vector","""http://0x7f.1/"""
"ext-ipobf-004","external-vector","""http://0x7f.00.0.1/"""
"ext-ipobf-005","external-vector","""http://0x7f.256/"""
"ext-ipobf-006","external-vector","""http://0177.00.00.01/"""
"ext-ipobf-007","external-vector","""http://0177.000.0000.00001/"""
"ext-ipobf-008","external-vector","""http://0177.0x0.1/"""
"ext-ipobf-009","external-vector","""http://127.1/"""
"ext-ipobf-010","external-vector","""http://127.0.1/"""
"ext-ipobf-011","external-vector","""http://127\u30020\u30020\u30021/"""
"ext-ipobf-012","external-vector","""http://127\uff0e0\uff0e0\uff0e1/"""
"ext-ipobf-013","external-vector","""http://127\uff610\uff610\uff611/"""
"ext-ipobf-014","external-vector","""http://0xa9fea9fe/"""
"ext-ipobf-015","external-vector","""http://0xa9.0xfe.0xa9.0xfe/"""
"ext-ipobf-016","external-vector","""http://2852039166/"""
"ext-ipobf-017","external-vector","""http://0251.0376.0251.0376/"""
"ext-ipobf-018","external-vector","""http://0xa9.254.0xa9.0376/"""
"ext-ipobf-019","external-vector","""http://[::ffff:127.0.0.1]/"""
"ext-ipobf-020","external-vector","""http://[::127.0.0.1]/"""
"ext-ipobf-021","external-vector","""http://256.256.256.1/"""
"ext-ipobf-022","external-vector","""http://0xffffffff.0/"""
"ext-ipobf-023","external-vector","""http://6442450945/"""
"ext-ipobf-024","external-vector","""http://[::ffff:127.0.0.1%2523]/"""
"ext-ada-003","external-vector","""https://lemire.me/\u00e9cole"""
"ext-ada-004","external-vector","""http://./"""
"ext-ada-005","external-vector","""example.com`x.example.com"""
"ext-ada-006","external-vector","""http://Ya\u011f\u0131z.com"""
"ext-ada-007","external-vector","""fs:/hello.eth"""
"ext-ada-008","external-vector","""http://///\\'"""
"ext-ada-010","external-vector","""http://[0:0:0:0:0:0:0:0"""
"ext-ada-011","external-vector","""http://0:0:0:0:0:0:0:0]"""
"ext-ada-012","external-vector","""mailto:a@b.com"""
"ext-ada-013","external-vector","""scheme:example.com"""
"ext-ada-014","external-vector","""scheme:example.com/path"""
"ext-ada-015","external-vector","""scheme://example.com:-1"""
"ext-ada-016","external-vector","""scheme://example.com:+1"""
"ext-ada-017","external-vector","""sch\u00e9me://example.com"""
"ext-ada-018","external-vector","""scheme://username@@@@example.com"""
"ext-ada-019","external-vector","""file://localhost/path/to/file.txt"""
"ext-ada-020","external-vector","""file://localhost:8098/path/to/file.txt"""
"ext-ada-021","external-vector","""data:space    ?test#test"""
"ext-ada-022","external-vector","""https://example.com/\""quoted\"""""
"ext-ada-023","external-vector","""a:b#"""
"ext-ada-dns-001","external-vector","""http://lorenlorenlorenlorenlorenlorenlorenlorenlorenlorenlorenlorenlore.com"""
"ext-ada-dns-002","external-vector","""http://br.lorenlorenlorenlorenlorenlorenlorenlorenlorenlorenlorenlorenlore.org/"""
"ext-ada-dns-003","external-vector","""http://exampleexampleexampleexampleexampleexampleexampleexampleexampleexample.lorenlorenlorenlorenlorenlorenlorenlorenlorenlorenlorenlorenlore.org.br/"""
"ext-ada-dns-004","external-vector","""http://br.exampleexampleexampleexampleexampleexampleexampleexampleexampleexample.lorenlorenlorenlorenlorenlorenlorenlorenlorenlorenlorenlorenlore"""
"ext-ada-dns-005","external-vector","""http://example..com.br"""
"ext-ada-dns-006","external-vector","""http://example.com.br.."""
"ext-ada-dns-007","external-vector","""http://example.com.br...."""
"ext-ada-dns-008","external-vector","""http://.example.com.br"""
"ext-ada-dns-009","external-vector","""http://example.com..br"""
"ext-ada-dns-010","external-vector","""http://example.com.br.com.br.com.br.com.br.com.br.com.br.com.br.com.br.com.br.com.br.com.br.com.br.com.br.com.br.com.br.com.br.com.br.com.br.com.br.com.br.com.br.com.br.com.br.com.br.com.br.com.br.com.br.com.br.com.br.com.br.com.br.com.br.com.br.com.br.com.br.com.br.com.br.com.br.com.br"""
"ext-ada-dns-011","external-vector","""http://example.com."""
"ext-ada-dns-012","external-vector","""http://example.com.br.com.br.com.br.com.br.com.br.com.br.com.br.com.br.com.br.com.br.com.br.com.br.com.br.com.br.com.br.com.br.com.br.com.br.com.br.com.br.com.br.com.br.com.br.com.br.com.br.com.br.com.br.com.br.com.br.com.br.com.br.com.br.com.br.com.br.comm.br."""
"ext-ada-dns-013","external-vector","""http://example.com.br.com.br.com.br.com.br.com.br.com.br.com.br.com.br.com.br.com.br.com.br.com.br.com.br.com.br.com.br.com.br.com.br.com.br.com.br.com.br.com.br.com.br.com.br.com.br.com.br.com.br.com.br.com.br.com.br.com.br.com.br.com.br.com.br.com.br.comm.br"""
"ext-ada-dns-014","external-vector","""http://example.com.br.com.br.com.br.com.br.com.br.com.br.com.br.com.br.com.br.com.br.com.br.com.br.com.br.com.br.com.br.com.br.com.br.com.br.com.br.com.br.com.br.com.br.com.br.com.br.com.br.com.br.com.br.com.br.com.br.com.br.com.br.com.br.com.br.com.br.comm.br."""
"ext-ada-dns-015","external-vector","""http://aaaaaaaaaaaaaaaaaaaaaaaa.aaaaaaaaaaaaaaaaaaaaaaaaaaaaaaaaa.aaaaaaaaaaaaaaaaaaaaaaaaaaaaaaaaaaaaaaaaaaaaaaaa.aaaaaaaaaaaaaaaaaaaaaaaaaaaaaaaaa.aaaaaaaaaaaaaaaaaaaaaaaaaaaaaaaaaaaaaaaaaaaaaaaaaaa.aaaaaaaaaaaaaaaaaaaaaaaaaaaaaaaaa.aaaaaaaaaaaaaaaaaaaa.com"""
"ext-ada-dns-016","external-vector","""http://example.com."""
"ext-ada-dns-017","external-vector","""http://example.com./"""
"ext-yal-001","external-vector","""http://google.com:80\\@yahoo.com"""
"ext-yal-002","external-vector","""https://user:pass@xdavidhu.me\test.corp.google.com"""
"ext-yal-003","external-vector","""http://127.0.0.\r\n1:6379?SET\r\ntest\r\nfailure12:80"""
"ext-yal-004","external-vector","""https:/\\/\\/\\github.com/foo/bar"""
"ext-yal-005","external-vector","""http://\u30d2:\u30ad@\u30d2.abc.\u30cb/\u30d2"""
"ext-yal-006","external-vector","""https:///evil.com"""
"ext-yal-007","external-vector","""http://example.com:80\\@localhost:8080/secret.txt"""
"ext-yal-008","external-vector","""foo://///////bar.com/"""
"ext-yal-009","external-vector","""www.php.net:80/index.php?test=1"""
"ext-eq-U2","external-vector","""https://n.pr\\@e.gg"""
"ext-eq-U3","external-vector","""https://n.pr][e.gg"""
"ext-eq-U4","external-vector","""https://n.pr#@e.gg"""
"ext-eq-U5","external-vector","""https://n.pr%2ee.gg"""
"ext-eq-U6","external-vector","""https://n.pr\ne.gg"""
"ext-eq-U8","external-vector","""https://n.pr\u0130@e.gg"""
"ext-eq-gsb","external-vector","""https://malware.testing.google.test/testing/malware/*"""
"ext-eq-pe1","external-vector","""http://letsencrypt.org%2F@malware.testing.google.test/testing/malware/*"""
"ext-eq-pe2","external-vector","""http://letsencrypt.org%5C@malware.testing.google.test/testing/malware/*"""
"ext-eq-bs","external-vector","""https://malware.testing.google.test\\testing\\malware\\*@letsencrypt.org"""
